{
	"class_name" : "PinholeCameraParameters",
	"extrinsic" : 
	[
		-0.7448522513385154,
		0.65069720352532867,
		0.14760851262804039,
		0.0,
		0.53550811140578225,
		0.45102508645915645,
		0.71400800696009203,
		0.0,
		0.39802787125345584,
		0.61087602728280932,
		-0.68440068161612377,
		0.0,
		-0.70432355936842306,
		1.0908788010771926,
		2.5869279488063293,
		1.0
	],
	"intrinsic" : 
	{
		"height" : 768,
		"intrinsic_matrix" : 
		[
			665.1075101064489,
			0.0,
			0.0,
			0.0,
			665.1075101064489,
			0.0,
			511.5,
			383.5,
			1.0
		],
		"width" : 1024
	},
	"version_major" : 1,
	"version_minor" : 0
}