{
	"class_name" : "PinholeCameraParameters",
	"extrinsic" : 
	[
		0.95790856881292896,
		0.27851591211884086,
		-0.069570543273546309,
		0.0,
		-0.20073835380467939,
		0.47661340030797789,
		-0.85588771457397061,
		0.0,
		-0.20522009430500135,
		0.8338276520621497,
		0.51246088587322347,
		0.0,
		0.74753794156153941,
		1.1749700045420051,
		6.7132935122402158,
		1.0
	],
	"intrinsic" : 
	{
		"height" : 768,
		"intrinsic_matrix" : 
		[
			665.1075101064489,
			0.0,
			0.0,
			0.0,
			665.1075101064489,
			0.0,
			511.5,
			383.5,
			1.0
		],
		"width" : 1024
	},
	"version_major" : 1,
	"version_minor" : 0
}